計算,名稱,"位置 X","位置 Y",內容,"文字位置 X","文字位置 Y","中心 X","中心 Y","開始 X","開始 Y","終結 X","終結 Y"
1,多行文字,-263199.467,-201516.8957,26,,,,,,,,
1,多行文字,-263849.467,-201516.8957,25,,,,,,,,
1,文字,-262870.6819,-201168.7443,X27,,,,,,,,
1,聚合線,,,,,,,,,,,
1,文字,-263350.6819,-201168.7443,X26,,,,,,,,
1,聚合線,,,,,,,,,,,
1,文字,-264000.6819,-201168.7443,X25,,,,,,,,
1,聚合線,,,,,,,,,,,
1,旋轉標註,,,,-263624.7651,-201165.7858,,,,,,
1,旋轉標註,,,,-262549.7651,-201165.6844,,,,,,
1,旋轉標註,,,,-263059.7651,-201165.6844,,,,,,
1,多行文字,-264449.467,-201516.8957,24,,,,,,,,
1,多行文字,-265669.467,-201516.8957,22,,,,,,,,
1,多行文字,-266209.467,-201516.8957,21,,,,,,,,
1,多行文字,-266709.467,-201516.8957,20,,,,,,,,
1,文字,-264600.6819,-201168.7443,X24,,,,,,,,
1,聚合線,,,,,,,,,,,
1,文字,-265170.6819,-201168.3249,X23,,,,,,,,
1,聚合線,,,,,,,,,,,
1,文字,-265820.6819,-201168.7443,X22,,,,,,,,
1,聚合線,,,,,,,,,,,
1,文字,-266360.6819,-201168.7443,X21,,,,,,,,
1,聚合線,,,,,,,,,,,
1,文字,-266860.6819,-201168.7443,X20,,,,,,,,
1,聚合線,,,,,,,,,,,
1,旋轉標註,,,,-264834.7651,-201165.6844,,,,,,
1,旋轉標註,,,,-265444.7651,-201165.6844,,,,,,
1,旋轉標註,,,,-266039.7651,-201165.6844,,,,,,
1,旋轉標註,,,,-266559.7651,-201165.6844,,,,,,
1,旋轉標註,,,,-264249.7651,-201165.6844,,,,,,
1,多行文字,-268169.467,-201516.8957,17,,,,,,,,
1,多行文字,-267309.467,-201516.8957,19,,,,,,,,
1,多行文字,-267569.467,-201516.8957,18,,,,,,,,
1,文字,-267460.6819,-201168.7443,X19,,,,,,,,
1,聚合線,,,,,,,,,,,
1,文字,-267720.6819,-201168.7443,X18,,,,,,,,
1,聚合線,,,,,,,,,,,
1,文字,-268320.6819,-201168.3249,X17,,,,,,,,
1,聚合線,,,,,,,,,,,
1,旋轉標註,,,,-267539.7651,-201165.6719,,,,,,
1,旋轉標註,,,,-267969.7651,-201165.6844,,,,,,
1,多行文字,-268899.467,-201516.8957,15,,,,,,,,
1,多行文字,-269369.467,-201516.8957,14,,,,,,,,
1,文字,-268620.6819,-201168.7443,X16,,,,,,,,
1,聚合線,,,,,,,,,,,
1,文字,-269100.6819,-201168.7443,X15,,,,,,,,
1,聚合線,,,,,,,,,,,
1,文字,-269520.6819,-201168.7443,X14,,,,,,,,
1,聚合線,,,,,,,,,,,
1,旋轉標註,,,,-268809.7651,-201165.6844,,,,,,
1,旋轉標註,,,,-269259.7651,-201165.6719,,,,,,
1,多行文字,-268469.467,-201516.8957,16,,,,,,,,
1,旋轉標註,,,,-268419.7651,-201165.6719,,,,,,
1,多行文字,-271979.467,-201516.8957,9,,,,,,,,
1,多行文字,-269969.467,-201516.8957,13,,,,,,,,
1,多行文字,-270509.467,-201516.8957,12,,,,,,,,
1,多行文字,-271109.467,-201516.8957,11,,,,,,,,
1,多行文字,-271709.467,-201516.8957,10,,,,,,,,
1,文字,-270120.6819,-201168.7443,X13,,,,,,,,
1,聚合線,,,,,,,,,,,
1,文字,-270660.6819,-201168.7443,X12,,,,,,,,
1,聚合線,,,,,,,,,,,
1,文字,-271260.6819,-201168.7443,X11,,,,,,,,
1,聚合線,,,,,,,,,,,
1,文字,-271860.6819,-201166.6539,X10,,,,,,,,
1,聚合線,,,,,,,,,,,
1,文字,-272113.7096,-201167.6991,X9,,,,,,,,
1,聚合線,,,,,,,,,,,
1,旋轉標註,,,,-270339.7651,-201165.6844,,,,,,
1,旋轉標註,,,,-270909.7651,-201165.6844,,,,,,
1,旋轉標註,,,,-271509.7651,-201165.6844,,,,,,
1,旋轉標註,,,,-271944.7651,-201165.6719,,,,,,
1,旋轉標註,,,,-269769.7651,-201165.6844,,,,,,
1,旋轉標註,,,,-267109.7651,-201165.6844,,,,,,
1,多行文字,-262719.467,-202766.8957,91,,,,,,,,
1,多行文字,-262719.467,-201696.8957,27,,,,,,,,
1,多行文字,-262719.467,-202166.8957,57,,,,,,,,
1,文字,-261942.7131,-202903.4237,Y3,,,,,,,,
1,聚合線,,,,,,,,,,,
1,文字,-261942.7131,-202303.4237,Y2,,,,,,,,
1,聚合線,,,,,,,,,,,
1,圓,,,,,,-262819.7651,-202880.491,,,,
1,圓,,,,,,-262819.7651,-202280.491,,,,
1,HH3,-262819.7651,-202880.491,,,,,,,,,
1,HH3,-262819.7651,-201810.491,,,,,,,,,
1,HH3,-262819.7651,-202280.491,,,,,,,,,
1,旋轉標註,,,,-262055.1664,-201955.491,,,,,,
1,旋轉標註,,,,-262055.1664,-202580.491,,,,,,
1,多行文字,-262719.467,-204166.8957,158,,,,,,,,
1,多行文字,-262719.467,-203566.8957,137,,,,,,,,
1,多行文字,-262719.467,-203236.8957,114,,,,,,,,
1,文字,-261951.1992,-204295.3803,R-Y6,,,,,,,,
1,文字,-261951.1992,-203695.3803,R-Y5,,,,,,,,
1,文字,-261951.1992,-203364.4237,R-Y4,,,,,,,,
1,聚合線,,,,,,,,,,,
1,聚合線,,,,,,,,,,,
1,旋轉標註,,,,-262055.1664,-203980.491,,,,,,
1,圓,,,,,,-262819.7651,-203350.491,,,,
1,圓,,,,,,-262819.7651,-203680.491,,,,
1,HH3,-262819.7651,-204280.491,,,,,,,,,
1,HH3,-262819.7651,-203680.491,,,,,,,,,
1,HH3,-262819.7651,-203350.491,,,,,,,,,
1,旋轉標註,,,,-262055.1789,-203515.491,,,,,,
1,旋轉標註,,,,-262055.1664,-203115.491,,,,,,
1,多行文字,-263849.467,-202016.8957,54,,,,,,,,
1,多行文字,-263449.467,-202766.8957,89,,,,,,,,
1,多行文字,-263449.467,-202166.8957,55,,,,,,,,
1,多行文字,-263199.467,-202766.8957,90,,,,,,,,
1,多行文字,-263199.467,-202166.8957,56,,,,,,,,
1,多行文字,-263849.467,-202646.8957,88,,,,,,,,
1,圓,,,,,,-263949.7651,-202130.491,,,,
1,圓,,,,,,-263949.7651,-202760.491,,,,
1,圓,,,,,,-263299.7651,-202880.491,,,,
1,圓,,,,,,-263299.7651,-202280.491,,,,
1,圓,,,,,,-263549.7651,-202880.491,,,,
1,圓,,,,,,-263549.7651,-202280.491,,,,
1,HH3,-263949.7651,-202130.491,,,,,,,,,
1,HH3,-263549.7651,-202880.491,,,,,,,,,
1,HH3,-263549.7651,-202280.491,,,,,,,,,
1,HH3,-263299.7651,-202880.491,,,,,,,,,
1,HH3,-263299.7651,-201630.491,,,,,,,,,
1,HH3,-263299.7651,-202280.491,,,,,,,,,
1,HH3,-263949.7651,-202760.491,,,,,,,,,
1,HH3,-263949.7651,-201630.491,,,,,,,,,
1,多行文字,-263449.467,-203566.8957,135,,,,,,,,
1,多行文字,-263449.467,-203236.8957,112,,,,,,,,
1,多行文字,-263199.467,-204166.8957,157,,,,,,,,
1,多行文字,-263199.467,-203566.8957,136,,,,,,,,
1,多行文字,-263199.467,-203236.8957,113,,,,,,,,
1,圓,,,,,,-263299.7651,-203350.491,,,,
1,圓,,,,,,-263299.7651,-203680.491,,,,
1,圓,,,,,,-263549.7651,-203350.491,,,,
1,圓,,,,,,-263549.7651,-203680.491,,,,
1,HH3,-263549.7651,-203680.491,,,,,,,,,
1,HH3,-263549.7651,-203350.491,,,,,,,,,
1,HH3,-263299.7651,-204280.491,,,,,,,,,
1,HH3,-263299.7651,-203680.491,,,,,,,,,
1,HH3,-263299.7651,-203350.491,,,,,,,,,
1,多行文字,-263849.467,-204166.8957,156,,,,,,,,
1,多行文字,-263849.467,-203566.8957,134,,,,,,,,
1,多行文字,-263849.467,-203116.8957,111,,,,,,,,
1,圓,,,,,,-263949.7651,-203680.491,,,,
1,圓,,,,,,-263949.7651,-203230.491,,,,
1,HH3,-263949.7651,-204280.491,,,,,,,,,
1,HH3,-263949.7651,-203680.491,,,,,,,,,
1,HH3,-263949.7651,-203230.491,,,,,,,,,
1,多行文字,-262719.467,-205446.8957,217,,,,,,,,
1,多行文字,-262719.467,-204846.8957,195,,,,,,,,
1,多行文字,-262719.467,-204616.8957,174,,,,,,,,
1,文字,-261951.1992,-205575.3803,R-Y9,,,,,,,,
1,文字,-261951.1992,-204975.3803,R-Y8,,,,,,,,
1,文字,-261951.1992,-204625.3803,R-Y7,,,,,,,,
1,遮蔽,-261961.8515,-205013.6788,,,,,,,,,
1,遮蔽,-261961.8515,-204663.6788,,,,,,,,,
1,聚合線,,,,,,,,,,,
1,旋轉標註,,,,-262055.1789,-204785.491,,,,,,
1,旋轉標註,,,,-262055.1664,-205260.491,,,,,,
1,HH3,-262819.7651,-205560.491,,,,,,,,,
1,HH3,-262819.7651,-204960.491,,,,,,,,,
1,HH3,-262819.7651,-204730.491,,,,,,,,,
1,多行文字,-262719.467,-206346.8957,253,,,,,,,,
1,多行文字,-262719.467,-206026.8957,235,,,,,,,,
1,文字,-261961.8069,-206475.3803,R-Y11,,,,,,,,
1,文字,-261961.8069,-206155.3803,R-Y10,,,,,,,,
1,聚合線,,,,,,,,,,,
1,聚合線,,,,,,,,,,,
1,旋轉標註,,,,-262055.1789,-206300.491,,,,,,
1,圓,,,,,,-262819.7651,-206460.491,,,,
1,圓,,,,,,-262819.7651,-206140.491,,,,
1,HH3,-262819.7651,-206460.491,,,,,,,,,
1,HH3,-262819.7651,-206140.491,,,,,,,,,
1,旋轉標註,,,,-262055.1664,-205850.491,,,,,,
1,多行文字,-263199.467,-205446.8957,216,,,,,,,,
1,多行文字,-263849.467,-205446.8957,215,,,,,,,,
1,多行文字,-263199.467,-204846.8957,194,,,,,,,,
1,多行文字,-263849.467,-204846.8957,193,,,,,,,,
1,多行文字,-263199.467,-204496.8957,173,,,,,,,,
1,多行文字,-263849.467,-204496.8957,172,,,,,,,,
1,圓,,,,,,-263949.7651,-205560.491,,,,
1,圓,,,,,,-263949.7651,-204960.491,,,,
1,圓,,,,,,-263949.7651,-204610.491,,,,
1,HH3,-263299.7651,-205560.491,,,,,,,,,
1,HH3,-263949.7651,-205560.491,,,,,,,,,
1,HH3,-263299.7651,-204960.491,,,,,,,,,
1,HH3,-263949.7651,-204960.491,,,,,,,,,
1,HH3,-263299.7651,-204610.491,,,,,,,,,
1,HH3,-263949.7651,-204610.491,,,,,,,,,
1,多行文字,-263499.467,-206346.8957,251,,,,,,,,
1,多行文字,-263499.467,-206026.8957,233,,,,,,,,
1,多行文字,-263199.467,-206346.8957,252,,,,,,,,
1,多行文字,-263849.467,-206346.8957,250,,,,,,,,
1,多行文字,-263199.467,-206026.8957,234,,,,,,,,
1,多行文字,-263849.467,-206026.8957,232,,,,,,,,
1,圓,,,,,,-263299.7651,-206460.491,,,,
1,圓,,,,,,-263599.7651,-206460.491,,,,
1,圓,,,,,,-263949.7651,-206460.491,,,,
1,圓,,,,,,-263299.7651,-206140.491,,,,
1,圓,,,,,,-263599.7651,-206140.491,,,,
1,圓,,,,,,-263949.7651,-206140.491,,,,
1,HH3,-263599.7651,-206460.491,,,,,,,,,
1,HH3,-263599.7651,-206140.491,,,,,,,,,
1,HH3,-263299.7651,-206460.491,,,,,,,,,
1,HH3,-263949.7651,-206460.491,,,,,,,,,
1,HH3,-263299.7651,-206140.491,,,,,,,,,
1,HH3,-263949.7651,-206140.491,,,,,,,,,
1,聚合線,,,,,,,,,,,
1,旋轉標註,,,,-262055.1789,-204445.491,,,,,,
1,圓,,,,,,-263949.7651,-204280.491,,,,
1,多行文字,-264449.467,-202646.8957,87,,,,,,,,
1,多行文字,-264449.467,-202166.8957,53,,,,,,,,
1,圓,,,,,,-264549.7651,-202760.491,,,,
1,圓,,,,,,-264549.7651,-202280.491,,,,
1,HH3,-264549.7651,-202760.491,,,,,,,,,
1,HH3,-264549.7651,-201630.491,,,,,,,,,
1,HH3,-264549.7651,-202280.491,,,,,,,,,
1,多行文字,-265299.467,-202766.8957,85,,,,,,,,
1,多行文字,-265299.467,-202166.8957,51,,,,,,,,
1,多行文字,-265669.467,-202766.8957,84,,,,,,,,
1,多行文字,-265669.467,-202166.8957,50,,,,,,,,
1,圓,,,,,,-265119.7651,-202880.491,,,,
1,圓,,,,,,-265119.7651,-202280.491,,,,
1,圓,,,,,,-265399.7651,-202880.491,,,,
1,圓,,,,,,-265399.7651,-202280.491,,,,
1,HH3,-265399.7651,-202880.491,,,,,,,,,
1,HH3,-265399.7651,-202280.491,,,,,,,,,
1,HH3,-265119.7651,-202880.491,,,,,,,,,
1,HH3,-265119.7651,-201810.491,,,,,,,,,
1,HH3,-265119.7651,-202280.491,,,,,,,,,
1,多行文字,-265019.467,-202766.8957,86,,,,,,,,
1,多行文字,-265019.467,-201696.8957,23,,,,,,,,
1,多行文字,-265019.467,-202166.8957,52,,,,,,,,
1,多行文字,-265299.467,-203566.8957,131,,,,,,,,
1,多行文字,-265299.467,-203236.8957,108,,,,,,,,
1,多行文字,-265019.467,-204166.8957,154,,,,,,,,
1,多行文字,-265019.467,-203566.8957,132,,,,,,,,
1,多行文字,-265019.467,-203236.8957,109,,,,,,,,
1,圓,,,,,,-265399.7651,-203350.491,,,,
1,圓,,,,,,-265399.7651,-203680.491,,,,
1,圓,,,,,,-265119.7651,-203350.491,,,,
1,圓,,,,,,-265119.7651,-203680.491,,,,
1,圓,,,,,,-264549.7651,-203680.491,,,,
1,圓,,,,,,-264549.7651,-203230.491,,,,
1,HH3,-265399.7651,-203680.491,,,,,,,,,
1,HH3,-265399.7651,-203350.491,,,,,,,,,
1,HH3,-264549.7651,-204280.491,,,,,,,,,
1,HH3,-265119.7651,-204280.491,,,,,,,,,
1,HH3,-264549.7651,-203680.491,,,,,,,,,
1,HH3,-265119.7651,-203680.491,,,,,,,,,
1,HH3,-264549.7651,-203230.491,,,,,,,,,
1,HH3,-265119.7651,-203350.491,,,,,,,,,
1,多行文字,-266209.467,-202766.8957,83,,,,,,,,
1,多行文字,-266209.467,-202166.8957,49,,,,,,,,
1,多行文字,-266709.467,-202766.8957,82,,,,,,,,
1,多行文字,-266709.467,-202166.8957,48,,,,,,,,
1,圓,,,,,,-266309.7651,-202880.491,,,,
1,圓,,,,,,-266309.7651,-202280.491,,,,
1,圓,,,,,,-266809.7651,-202880.491,,,,
1,圓,,,,,,-266809.7651,-202280.491,,,,
1,HH3,-265769.7651,-202880.491,,,,,,,,,
1,HH3,-265769.7651,-201630.491,,,,,,,,,
1,HH3,-265769.7651,-202280.491,,,,,,,,,
1,HH3,-266309.7651,-202880.491,,,,,,,,,
1,HH3,-266309.7651,-201630.491,,,,,,,,,
1,HH3,-266309.7651,-202280.491,,,,,,,,,
1,HH3,-266809.7651,-202880.491,,,,,,,,,
1,HH3,-266809.7651,-201630.491,,,,,,,,,
1,HH3,-266809.7651,-202280.491,,,,,,,,,
1,多行文字,-266209.467,-204166.8957,152,,,,,,,,
1,多行文字,-266709.467,-204166.8957,151,,,,,,,,
1,多行文字,-266209.467,-203566.8957,129,,,,,,,,
1,多行文字,-266709.467,-203566.8957,128,,,,,,,,
1,多行文字,-266209.467,-203236.8957,106,,,,,,,,
1,多行文字,-266709.467,-203236.8957,105,,,,,,,,
1,圓,,,,,,-266809.7651,-203350.491,,,,
1,圓,,,,,,-266809.7651,-203680.491,,,,
1,圓,,,,,,-266309.7651,-203350.491,,,,
1,圓,,,,,,-266309.7651,-203680.491,,,,
1,HH3,-265769.7651,-204280.491,,,,,,,,,
1,HH3,-266309.7651,-204280.491,,,,,,,,,
1,HH3,-266809.7651,-204280.491,,,,,,,,,
1,HH3,-265769.7651,-203680.491,,,,,,,,,
1,HH3,-266309.7651,-203680.491,,,,,,,,,
1,HH3,-266809.7651,-203680.491,,,,,,,,,
1,HH3,-265769.7651,-203350.491,,,,,,,,,
1,HH3,-266309.7651,-203350.491,,,,,,,,,
1,HH3,-266809.7651,-203350.491,,,,,,,,,
1,多行文字,-265669.467,-204166.8957,153,,,,,,,,
1,多行文字,-265669.467,-203566.8957,130,,,,,,,,
1,多行文字,-265669.467,-203236.8957,107,,,,,,,,
1,圓,,,,,,-265769.7651,-203350.491,,,,
1,圓,,,,,,-265769.7651,-203680.491,,,,
1,圓,,,,,,-265769.7651,-202880.491,,,,
1,圓,,,,,,-265769.7651,-202280.491,,,,
1,多行文字,-265299.467,-205446.8957,212,,,,,,,,
1,多行文字,-264899.467,-205446.8957,213,,,,,,,,
1,多行文字,-265019.467,-204846.8957,191,,,,,,,,
1,多行文字,-265019.467,-204496.8957,170,,,,,,,,
1,圓,,,,,,-264549.7651,-205560.491,,,,
1,圓,,,,,,-264549.7651,-204960.491,,,,
1,圓,,,,,,-264549.7651,-204610.491,,,,
1,圓,,,,,,-264999.7651,-205560.491,,,,
1,圓,,,,,,-265119.7651,-204960.491,,,,
1,圓,,,,,,-265119.7651,-204610.491,,,,
1,HH3,-265399.7651,-205560.491,,,,,,,,,
1,HH3,-264549.7651,-205560.491,,,,,,,,,
1,HH3,-264999.7651,-205560.491,,,,,,,,,
1,HH3,-264549.7651,-204960.491,,,,,,,,,
1,HH3,-265119.7651,-204960.491,,,,,,,,,
1,HH3,-264549.7651,-204610.491,,,,,,,,,
1,HH3,-265119.7651,-204610.491,,,,,,,,,
1,多行文字,-265299.467,-206346.8957,247,,,,,,,,
1,多行文字,-264899.467,-206346.8957,248,,,,,,,,
1,多行文字,-265299.467,-206026.8957,229,,,,,,,,
1,多行文字,-264899.467,-206026.8957,230,,,,,,,,
1,圓,,,,,,-264549.7651,-206460.491,,,,
1,圓,,,,,,-264999.7651,-206460.491,,,,
1,圓,,,,,,-265399.7651,-206460.491,,,,
1,圓,,,,,,-265399.7651,-206140.491,,,,
1,圓,,,,,,-264549.7651,-206140.491,,,,
1,圓,,,,,,-264999.7651,-206140.491,,,,
1,HH3,-265399.7651,-206460.491,,,,,,,,,
1,HH3,-264999.7651,-206460.491,,,,,,,,,
1,HH3,-265399.7651,-206140.491,,,,,,,,,
1,HH3,-264549.7651,-206460.491,,,,,,,,,
1,HH3,-264549.7651,-206140.491,,,,,,,,,
1,HH3,-264999.7651,-206140.491,,,,,,,,,
1,多行文字,-266709.467,-205446.8957,209,,,,,,,,
1,多行文字,-266959.467,-205446.8957,208,,,,,,,,
1,多行文字,-266209.467,-205596.8957,210,,,,,,,,
1,多行文字,-266209.467,-204966.8957,189,,,,,,,,
1,多行文字,-266709.467,-204846.8957,188,,,,,,,,
1,多行文字,-266209.467,-204496.8957,168,,,,,,,,
1,多行文字,-266709.467,-204496.8957,167,,,,,,,,
1,HH3,-266809.7651,-205560.491,,,,,,,,,
1,HH3,-267059.7651,-205560.491,,,,,,,,,
1,HH3,-265769.7651,-205080.491,,,,,,,,,
1,HH3,-266309.7651,-205080.491,,,,,,,,,
1,HH3,-266809.7651,-204960.491,,,,,,,,,
1,HH3,-265769.7651,-204610.491,,,,,,,,,
1,HH3,-266309.7651,-204610.491,,,,,,,,,
1,HH3,-266809.7651,-204610.491,,,,,,,,,
1,多行文字,-266709.467,-206346.8957,244,,,,,,,,
1,多行文字,-266709.467,-206026.8957,226,,,,,,,,
1,多行文字,-266209.467,-206346.8957,245,,,,,,,,
1,多行文字,-266209.467,-206026.8957,227,,,,,,,,
1,圓,,,,,,-266309.7651,-206460.491,,,,
1,圓,,,,,,-266309.7651,-206140.491,,,,
1,圓,,,,,,-266809.7651,-206460.491,,,,
1,圓,,,,,,-266809.7651,-206140.491,,,,
1,HH3,-266809.7651,-206460.491,,,,,,,,,
1,HH3,-266809.7651,-206140.491,,,,,,,,,
1,HH3,-265769.7651,-205710.491,,,,,,,,,
1,HH3,-265769.7651,-206460.491,,,,,,,,,
1,HH3,-266309.7651,-206460.491,,,,,,,,,
1,HH3,-265769.7651,-206140.491,,,,,,,,,
1,HH3,-266309.7651,-206140.491,,,,,,,,,
1,HH3,-266309.7651,-205710.491,,,,,,,,,
1,多行文字,-265669.467,-205596.8957,211,,,,,,,,
1,多行文字,-265669.467,-206346.8957,246,,,,,,,,
1,多行文字,-265669.467,-206026.8957,228,,,,,,,,
1,多行文字,-265669.467,-204966.8957,190,,,,,,,,
1,多行文字,-265669.467,-204496.8957,169,,,,,,,,
1,圓,,,,,,-265769.7651,-206460.491,,,,
1,圓,,,,,,-265769.7651,-206140.491,,,,
1,圓,,,,,,-264549.7651,-204280.491,,,,
1,圓,,,,,,-265119.7651,-204280.491,,,,
1,多行文字,-264449.467,-206346.8957,249,,,,,,,,
1,多行文字,-264449.467,-206026.8957,231,,,,,,,,
1,多行文字,-264449.467,-205446.8957,214,,,,,,,,
1,多行文字,-264449.467,-204846.8957,192,,,,,,,,
1,多行文字,-264449.467,-204496.8957,171,,,,,,,,
1,多行文字,-264449.467,-204166.8957,155,,,,,,,,
1,多行文字,-264449.467,-203566.8957,133,,,,,,,,
1,多行文字,-264449.467,-203116.8957,110,,,,,,,,
1,旋轉標註,,,,-262055.1664,-206760.491,,,,,,
1,多行文字,-267309.467,-202766.8957,81,,,,,,,,
1,多行文字,-267309.467,-202166.8957,47,,,,,,,,
1,多行文字,-267569.467,-202766.8957,80,,,,,,,,
1,多行文字,-267569.467,-202166.8957,46,,,,,,,,
1,圓,,,,,,-267409.7651,-202880.491,,,,
1,圓,,,,,,-267409.7651,-202280.491,,,,
1,圓,,,,,,-267669.7651,-202880.491,,,,
1,圓,,,,,,-267669.7651,-202280.491,,,,
1,HH3,-267409.7651,-202880.491,,,,,,,,,
1,HH3,-267409.7651,-201630.491,,,,,,,,,
1,HH3,-267409.7651,-202280.491,,,,,,,,,
1,HH3,-267669.7651,-202880.491,,,,,,,,,
1,HH3,-267669.7651,-201630.491,,,,,,,,,
1,HH3,-267669.7651,-202280.491,,,,,,,,,
1,多行文字,-268169.467,-202766.8957,79,,,,,,,,
1,多行文字,-268169.467,-202166.8957,45,,,,,,,,
1,圓,,,,,,-268269.7651,-202880.491,,,,
1,圓,,,,,,-268269.7651,-202280.491,,,,
1,HH3,-268269.7651,-202880.491,,,,,,,,,
1,HH3,-268269.7651,-201630.491,,,,,,,,,
1,HH3,-268269.7651,-202280.491,,,,,,,,,
1,多行文字,-267309.467,-204166.8957,150,,,,,,,,
1,多行文字,-267569.467,-204166.8957,149,,,,,,,,
1,多行文字,-267309.467,-203566.8957,127,,,,,,,,
1,多行文字,-267569.467,-203566.8957,126,,,,,,,,
1,多行文字,-267309.467,-203236.8957,104,,,,,,,,
1,多行文字,-267569.467,-203236.8957,103,,,,,,,,
1,圓,,,,,,-267669.7651,-203350.491,,,,
1,圓,,,,,,-267669.7651,-203680.491,,,,
1,圓,,,,,,-267409.7651,-203350.491,,,,
1,圓,,,,,,-267409.7651,-203680.491,,,,
1,HH3,-267409.7651,-204280.491,,,,,,,,,
1,HH3,-267669.7651,-204280.491,,,,,,,,,
1,HH3,-267409.7651,-203680.491,,,,,,,,,
1,HH3,-267669.7651,-203680.491,,,,,,,,,
1,HH3,-267409.7651,-203350.491,,,,,,,,,
1,HH3,-267669.7651,-203350.491,,,,,,,,,
1,多行文字,-268169.467,-204166.8957,148,,,,,,,,
1,多行文字,-268169.467,-203566.8957,125,,,,,,,,
1,多行文字,-268169.467,-203236.8957,102,,,,,,,,
1,圓,,,,,,-268269.7651,-203350.491,,,,
1,圓,,,,,,-268269.7651,-203680.491,,,,
1,HH3,-268269.7651,-204280.491,,,,,,,,,
1,HH3,-268269.7651,-203680.491,,,,,,,,,
1,HH3,-268269.7651,-203350.491,,,,,,,,,
1,多行文字,-268899.467,-202766.8957,77,,,,,,,,
1,多行文字,-268899.467,-202166.8957,43,,,,,,,,
1,多行文字,-269369.467,-202766.8957,76,,,,,,,,
1,多行文字,-269369.467,-202166.8957,42,,,,,,,,
1,圓,,,,,,-268569.7651,-202880.491,,,,
1,圓,,,,,,-268569.7651,-202280.491,,,,
1,圓,,,,,,-269049.7651,-202880.491,,,,
1,圓,,,,,,-269049.7651,-202280.491,,,,
1,圓,,,,,,-269469.7651,-202880.491,,,,
1,圓,,,,,,-269469.7651,-202280.491,,,,
1,HH3,-268569.7651,-202880.491,,,,,,,,,
1,HH3,-268569.7651,-201630.491,,,,,,,,,
1,HH3,-268569.7651,-202280.491,,,,,,,,,
1,HH3,-269049.7651,-202880.491,,,,,,,,,
1,HH3,-269049.7651,-201630.491,,,,,,,,,
1,HH3,-269049.7651,-202280.491,,,,,,,,,
1,HH3,-269469.7651,-202880.491,,,,,,,,,
1,HH3,-269469.7651,-201630.491,,,,,,,,,
1,HH3,-269469.7651,-202280.491,,,,,,,,,
1,多行文字,-268899.467,-204166.8957,146,,,,,,,,
1,多行文字,-268899.467,-203566.8957,123,,,,,,,,
1,多行文字,-268899.467,-203236.8957,100,,,,,,,,
1,圓,,,,,,-269049.7651,-203350.491,,,,
1,圓,,,,,,-269049.7651,-203680.491,,,,
1,圓,,,,,,-268569.7651,-203350.491,,,,
1,圓,,,,,,-268569.7651,-203680.491,,,,
1,HH3,-268569.7651,-204280.491,,,,,,,,,
1,HH3,-269049.7651,-204280.491,,,,,,,,,
1,HH3,-268569.7651,-203680.491,,,,,,,,,
1,HH3,-269049.7651,-203680.491,,,,,,,,,
1,HH3,-268569.7651,-203350.491,,,,,,,,,
1,HH3,-269049.7651,-203350.491,,,,,,,,,
1,多行文字,-269369.467,-204166.8957,145,,,,,,,,
1,多行文字,-269369.467,-203566.8957,122,,,,,,,,
1,多行文字,-269369.467,-203236.8957,99,,,,,,,,
1,圓,,,,,,-269469.7651,-203350.491,,,,
1,圓,,,,,,-269469.7651,-203680.491,,,,
1,HH3,-269469.7651,-204280.491,,,,,,,,,
1,HH3,-269469.7651,-203680.491,,,,,,,,,
1,HH3,-269469.7651,-203350.491,,,,,,,,,
1,多行文字,-268469.467,-204166.8957,147,,,,,,,,
1,多行文字,-268469.467,-203566.8957,124,,,,,,,,
1,多行文字,-268469.467,-203236.8957,101,,,,,,,,
1,多行文字,-268469.467,-202766.8957,78,,,,,,,,
1,多行文字,-268469.467,-202166.8957,44,,,,,,,,
1,多行文字,-267689.467,-205446.8957,207,,,,,,,,
1,多行文字,-268169.467,-205446.8957,206,,,,,,,,
1,多行文字,-268169.467,-204846.8957,185,,,,,,,,
1,多行文字,-268169.467,-204496.8957,164,,,,,,,,
1,多行文字,-267309.467,-204846.8957,187,,,,,,,,
1,多行文字,-267569.467,-204846.8957,186,,,,,,,,
1,多行文字,-267309.467,-204496.8957,166,,,,,,,,
1,多行文字,-267569.467,-204496.8957,165,,,,,,,,
1,圓,,,,,,-268269.7651,-205560.491,,,,
1,圓,,,,,,-268269.7651,-204960.491,,,,
1,圓,,,,,,-268269.7651,-204610.491,,,,
1,HH3,-267789.7651,-205560.491,,,,,,,,,
1,HH3,-268269.7651,-205560.491,,,,,,,,,
1,HH3,-268269.7651,-204960.491,,,,,,,,,
1,HH3,-268269.7651,-204610.491,,,,,,,,,
1,HH3,-267409.7651,-204960.491,,,,,,,,,
1,HH3,-267669.7651,-204960.491,,,,,,,,,
1,HH3,-267409.7651,-204610.491,,,,,,,,,
1,HH3,-267669.7651,-204610.491,,,,,,,,,
1,多行文字,-267689.467,-206026.8957,224,,,,,,,,
1,多行文字,-267309.467,-206346.8957,243,,,,,,,,
1,多行文字,-267309.467,-206026.8957,225,,,,,,,,
1,多行文字,-268169.467,-206346.8957,241,,,,,,,,
1,多行文字,-268169.467,-206026.8957,223,,,,,,,,
1,多行文字,-267569.467,-206346.8957,242,,,,,,,,
1,圓,,,,,,-267669.7651,-206460.491,,,,
1,圓,,,,,,-267409.7651,-206460.491,,,,
1,圓,,,,,,-267409.7651,-206140.491,,,,
1,圓,,,,,,-267789.7651,-206140.491,,,,
1,圓,,,,,,-268269.7651,-206460.491,,,,
1,圓,,,,,,-268269.7651,-206140.491,,,,
1,HH3,-267789.7651,-206140.491,,,,,,,,,
1,HH3,-267409.7651,-206460.491,,,,,,,,,
1,HH3,-267409.7651,-206140.491,,,,,,,,,
1,HH3,-268269.7651,-206460.491,,,,,,,,,
1,HH3,-268269.7651,-206140.491,,,,,,,,,
1,HH3,-267669.7651,-206460.491,,,,,,,,,
1,多行文字,-268899.467,-205446.8957,204,,,,,,,,
1,多行文字,-268899.467,-204846.8957,183,,,,,,,,
1,多行文字,-268899.467,-204496.8957,162,,,,,,,,
1,圓,,,,,,-269049.7651,-205560.491,,,,
1,圓,,,,,,-268569.7651,-205560.491,,,,
1,圓,,,,,,-269049.7651,-204960.491,,,,
1,圓,,,,,,-268569.7651,-204960.491,,,,
1,圓,,,,,,-269049.7651,-204610.491,,,,
1,圓,,,,,,-268569.7651,-204610.491,,,,
1,HH3,-268569.7651,-205560.491,,,,,,,,,
1,HH3,-269049.7651,-205560.491,,,,,,,,,
1,HH3,-268569.7651,-204960.491,,,,,,,,,
1,HH3,-269049.7651,-204960.491,,,,,,,,,
1,HH3,-268569.7651,-204610.491,,,,,,,,,
1,HH3,-269049.7651,-204610.491,,,,,,,,,
1,多行文字,-269369.467,-205446.8957,203,,,,,,,,
1,多行文字,-269369.467,-204846.8957,182,,,,,,,,
1,多行文字,-269369.467,-204496.8957,161,,,,,,,,
1,圓,,,,,,-269469.7651,-205560.491,,,,
1,圓,,,,,,-269469.7651,-204960.491,,,,
1,圓,,,,,,-269469.7651,-204610.491,,,,
1,HH3,-269469.7651,-205560.491,,,,,,,,,
1,HH3,-269469.7651,-204960.491,,,,,,,,,
1,HH3,-269469.7651,-204610.491,,,,,,,,,
1,多行文字,-268899.467,-206346.8957,239,,,,,,,,
1,多行文字,-269369.467,-206346.8957,238,,,,,,,,
1,多行文字,-268899.467,-206026.8957,221,,,,,,,,
1,多行文字,-269369.467,-206026.8957,220,,,,,,,,
1,圓,,,,,,-269469.7651,-206460.491,,,,
1,圓,,,,,,-269049.7651,-206460.491,,,,
1,圓,,,,,,-268569.7651,-206460.491,,,,
1,圓,,,,,,-269469.7651,-206140.491,,,,
1,圓,,,,,,-269049.7651,-206140.491,,,,
1,圓,,,,,,-268569.7651,-206140.491,,,,
1,HH3,-268569.7651,-206460.491,,,,,,,,,
1,HH3,-269049.7651,-206460.491,,,,,,,,,
1,HH3,-269469.7651,-206460.491,,,,,,,,,
1,HH3,-268569.7651,-206140.491,,,,,,,,,
1,HH3,-269049.7651,-206140.491,,,,,,,,,
1,HH3,-269469.7651,-206140.491,,,,,,,,,
1,多行文字,-268469.467,-206346.8957,240,,,,,,,,
1,多行文字,-268469.467,-206026.8957,222,,,,,,,,
1,多行文字,-268469.467,-205446.8957,205,,,,,,,,
1,多行文字,-268469.467,-204846.8957,184,,,,,,,,
1,多行文字,-268469.467,-204496.8957,163,,,,,,,,
1,圓,,,,,,-269469.7651,-204280.491,,,,
1,圓,,,,,,-269049.7651,-204280.491,,,,
1,圓,,,,,,-268569.7651,-204280.491,,,,
1,圓,,,,,,-268269.7651,-204280.491,,,,
1,多行文字,-270509.467,-202016.8957,39,,,,,,,,
1,多行文字,-270509.467,-202336.8957,40,,,,,,,,
1,多行文字,-269969.4669,-202766.8957,75,,,,,,,,
1,多行文字,-269969.467,-202166.8957,41,,,,,,,,
1,多行文字,-271109.467,-202646.8957,73,,,,,,,,
1,多行文字,-271109.467,-202166.8957,38,,,,,,,,
1,圓,,,,,,-270609.7651,-202130.491,,,,
1,圓,,,,,,-270609.7651,-202450.491,,,,
1,圓,,,,,,-270069.765,-202880.491,,,,
1,圓,,,,,,-270069.765,-202280.491,,,,
1,HH3,-270609.7651,-202130.491,,,,,,,,,
1,HH3,-270609.7651,-202450.491,,,,,,,,,
1,HH3,-270069.765,-202880.491,,,,,,,,,
1,HH3,-270069.7651,-201630.491,,,,,,,,,
1,HH3,-270069.7651,-202280.491,,,,,,,,,
1,HH3,-270609.7651,-201630.491,,,,,,,,,
1,多行文字,-269969.467,-204166.8957,144,,,,,,,,
1,多行文字,-270509.467,-204166.8957,143,,,,,,,,
1,多行文字,-269969.467,-203566.8957,121,,,,,,,,
1,多行文字,-270509.467,-203566.8957,120,,,,,,,,
1,多行文字,-269969.4669,-203236.8957,98,,,,,,,,
1,多行文字,-270509.467,-203236.8957,97,,,,,,,,
1,圓,,,,,,-270609.7651,-203100.491,,,,
1,圓,,,,,,-270609.7651,-203350.491,,,,
1,圓,,,,,,-270609.7651,-203680.491,,,,
1,圓,,,,,,-270069.765,-203350.491,,,,
1,圓,,,,,,-270069.765,-203680.491,,,,
1,HH3,-270069.7651,-204280.491,,,,,,,,,
1,HH3,-270609.7651,-204280.491,,,,,,,,,
1,HH3,-270069.7651,-203680.491,,,,,,,,,
1,HH3,-270609.7651,-203680.491,,,,,,,,,
1,HH3,-270069.765,-203350.491,,,,,,,,,
1,HH3,-270609.7651,-203350.491,,,,,,,,,
1,HH3,-270609.7651,-203100.491,,,,,,,,,
1,多行文字,-270509.467,-202986.8957,74,,,,,,,,
1,多行文字,-271979.467,-202766.8957,71,,,,,,,,
1,多行文字,-271979.467,-202166.8957,36,,,,,,,,
1,多行文字,-271709.467,-202766.8957,72,,,,,,,,
1,多行文字,-271709.467,-202166.8957,37,,,,,,,,
1,圓,,,,,,-271809.7651,-202880.491,,,,
1,圓,,,,,,-271809.7651,-202280.491,,,,
1,圓,,,,,,-272079.7651,-202880.491,,,,
1,圓,,,,,,-272079.7651,-202280.491,,,,
1,HH3,-272079.7651,-202880.491,,,,,,,,,
1,HH3,-272079.7651,-201630.491,,,,,,,,,
1,HH3,-272079.7651,-202280.491,,,,,,,,,
1,HH3,-271209.7651,-202760.491,,,,,,,,,
1,HH3,-271209.7651,-201630.491,,,,,,,,,
1,HH3,-271209.7651,-202280.491,,,,,,,,,
1,HH3,-271809.7651,-202880.491,,,,,,,,,
1,HH3,-271809.7651,-201630.491,,,,,,,,,
1,HH3,-271809.7651,-202280.491,,,,,,,,,
1,文字,-271384.88,-204295.3803,R-Y6,,,,,,,,
1,文字,-271384.88,-203695.3803,R-Y5,,,,,,,,
1,文字,-271384.88,-203364.4237,R-Y4,,,,,,,,
1,聚合線,,,,,,,,,,,
1,聚合線,,,,,,,,,,,
1,旋轉標註,,,,-271322.6939,-203515.491,,,,,,
1,旋轉標註,,,,-271322.6814,-203980.491,,,,,,
1,旋轉標註,,,,-271322.6814,-203115.491,,,,,,
1,圓,,,,,,-271209.7651,-202760.491,,,,
1,圓,,,,,,-271209.7651,-202280.491,,,,
1,多行文字,-269969.467,-206346.8957,237,,,,,,,,
1,多行文字,-270509.467,-206346.8957,236,,,,,,,,
1,多行文字,-269969.467,-206026.8957,219,,,,,,,,
1,多行文字,-270509.467,-206026.8957,218,,,,,,,,
1,多行文字,-269969.467,-205446.8957,202,,,,,,,,
1,多行文字,-270509.467,-205446.8957,201,,,,,,,,
1,多行文字,-269969.467,-204846.8957,181,,,,,,,,
1,多行文字,-270509.467,-204846.8957,180,,,,,,,,
1,多行文字,-269969.467,-204496.8957,160,,,,,,,,
1,多行文字,-270509.467,-204496.8957,159,,,,,,,,
1,HH3,-270069.7651,-206460.491,,,,,,,,,
1,HH3,-270609.7651,-206460.491,,,,,,,,,
1,HH3,-270069.7651,-206140.491,,,,,,,,,
1,HH3,-270609.7651,-206140.491,,,,,,,,,
1,HH3,-270069.7651,-205560.491,,,,,,,,,
1,HH3,-270609.7651,-205560.491,,,,,,,,,
1,HH3,-270069.7651,-204960.491,,,,,,,,,
1,HH3,-270609.7651,-204960.491,,,,,,,,,
1,HH3,-270069.7651,-204610.491,,,,,,,,,
1,HH3,-270609.7651,-204610.491,,,,,,,,,
1,文字,-271395.4876,-206475.3803,R-Y11,,,,,,,,
1,文字,-271395.4876,-206155.3803,R-Y10,,,,,,,,
1,文字,-271384.88,-205575.3803,R-Y9,,,,,,,,
1,文字,-271384.88,-204975.3803,R-Y8,,,,,,,,
1,文字,-271384.88,-204625.3803,R-Y7,,,,,,,,
1,遮蔽,-271395.5322,-205013.6788,,,,,,,,,
1,遮蔽,-271395.5322,-204663.6788,,,,,,,,,
1,聚合線,,,,,,,,,,,
1,聚合線,,,,,,,,,,,
1,聚合線,,,,,,,,,,,
1,旋轉標註,,,,-271322.6939,-204785.491,,,,,,
1,旋轉標註,,,,-271322.6814,-205260.491,,,,,,
1,旋轉標註,,,,-271322.6814,-205850.491,,,,,,
1,旋轉標註,,,,-271322.6939,-206300.491,,,,,,
1,聚合線,,,,,,,,,,,
1,旋轉標註,,,,-271322.6939,-204445.491,,,,,,
1,旋轉標註,,,,-271322.6814,-206760.491,,,,,,
1,線,,,,,,,,-271209.7651,-206460.491,-262054.8888,-206460.491
1,線,,,,,,,,-271209.7651,-206140.491,-262054.8888,-206140.491
1,線,,,,,,,,-271209.7651,-205560.491,-262054.8888,-205560.491
1,線,,,,,,,,-271209.7651,-204960.491,-262054.8888,-204960.491
1,線,,,,,,,,-271209.7651,-204610.491,-262054.8888,-204610.491
1,線,,,,,,,,-271209.7651,-204280.491,-262054.8888,-204280.491
1,線,,,,,,,,-271209.7651,-203680.491,-262054.8888,-203680.491
1,線,,,,,,,,-271209.7651,-203350.491,-262073.6238,-203350.491
1,線,,,,,,,,-271209.7651,-207060.491,-262054.8888,-207060.491
1,文字,-261942.7131,-201653.4237,Y1,,,,,,,,
1,聚合線,,,,,,,,,,,
1,旋轉標註,,,,-261756.7538,-204222.991,,,,,,
1,線,,,,,,,,-268269.7651,-201246.6419,-268269.7651,-207314.3142
1,線,,,,,,,,-272079.7651,-201246.6419,-272079.7651,-203430.491
1,旋轉標註,,,,-262055.1648,-201507.991,,,,,,
1,線,,,,,,,,-262819.7651,-201246.6419,-262819.7651,-207314.3142
1,線,,,,,,,,-263299.7651,-201246.6419,-263299.7651,-207314.3142
1,線,,,,,,,,-263949.7651,-201246.6419,-263949.7651,-207314.3142
1,線,,,,,,,,-264549.7651,-201246.6419,-264549.7651,-207314.3142
1,線,,,,,,,,-265119.7651,-201246.6419,-265119.7651,-207314.3142
1,線,,,,,,,,-265769.7651,-201246.6419,-265769.7651,-207314.3142
1,線,,,,,,,,-266309.7651,-201246.6419,-266309.7651,-207314.3142
1,線,,,,,,,,-266809.7651,-201246.6419,-266809.7651,-207314.3142
1,線,,,,,,,,-267409.7651,-201246.6419,-267409.7651,-207314.3142
1,線,,,,,,,,-267669.7651,-201246.6419,-267669.7651,-207314.3142
1,線,,,,,,,,-268569.7651,-201246.6419,-268569.7651,-207314.3142
1,線,,,,,,,,-269049.7651,-201246.6419,-269049.7651,-207314.3142
1,線,,,,,,,,-269469.7651,-201246.6419,-269469.7651,-207314.3142
1,線,,,,,,,,-270069.7651,-201246.6419,-270069.7651,-207314.3142
1,線,,,,,,,,-270609.7651,-201246.6419,-270609.7651,-207314.3142
1,線,,,,,,,,-271209.7651,-201246.6419,-271209.7651,-203430.491
1,線,,,,,,,,-271809.7651,-201246.6419,-271809.7651,-203430.491
1,線,,,,,,,,-262279.7651,-201246.6419,-262279.7651,-207314.3142
1,多行文字,-272579.467,-201516.8957,8,,,,,,,,
1,文字,-272713.7096,-201168.7443,X8,,,,,,,,
1,聚合線,,,,,,,,,,,
1,文字,-273013.7096,-201168.7443,X7,,,,,,,,
1,聚合線,,,,,,,,,,,
1,文字,-273543.7096,-201168.7443,X6,,,,,,,,
1,聚合線,,,,,,,,,,,
1,旋轉標註,,,,-272829.7651,-201165.6719,,,,,,
1,旋轉標註,,,,-273244.7651,-201165.6719,,,,,,
1,旋轉標註,,,,-273694.7651,-201165.6719,,,,,,
1,多行文字,-274299.467,-201516.8957,4,,,,,,,,
1,多行文字,-274819.467,-201516.8957,3,,,,,,,,
1,多行文字,-275089.467,-201516.8957,2,,,,,,,,
1,文字,-274433.7096,-201168.7443,X4,,,,,,,,
1,聚合線,,,,,,,,,,,
1,文字,-274953.7096,-201168.7443,X3,,,,,,,,
1,聚合線,,,,,,,,,,,
1,文字,-275223.7096,-201168.7443,X2,,,,,,,,
1,聚合線,,,,,,,,,,,
1,旋轉標註,,,,-274659.7651,-201165.6719,,,,,,
1,旋轉標註,,,,-275054.7651,-201165.6719,,,,,,
1,文字,-273913.7096,-201168.7443,X5,,,,,,,,
1,聚合線,,,,,,,,,,,
1,旋轉標註,,,,-274139.7651,-201165.6719,,,,,,
1,多行文字,-275689.467,-201516.8957,1,,,,,,,,
1,文字,-275823.7096,-201168.7443,X1,,,,,,,,
1,聚合線,,,,,,,,,,,
1,旋轉標註,,,,-276079.7651,-201165.6844,,,,,,
1,旋轉標註,,,,-275489.7651,-201165.6844,,,,,,
1,多行文字,-272879.467,-201696.8957,7,,,,,,,,
1,多行文字,-272879.467,-202766.8957,69,,,,,,,,
1,多行文字,-272879.467,-202166.8957,34,,,,,,,,
1,圓,,,,,,-272679.7651,-202880.491,,,,
1,圓,,,,,,-272679.7651,-202280.491,,,,
1,圓,,,,,,-272979.7651,-202880.491,,,,
1,圓,,,,,,-272979.7651,-202280.491,,,,
1,HH3,-272979.7651,-201810.491,,,,,,,,,
1,HH3,-272679.7651,-202880.491,,,,,,,,,
1,HH3,-272679.7651,-201630.491,,,,,,,,,
1,HH3,-272679.7651,-202280.491,,,,,,,,,
1,HH3,-272979.7651,-202880.491,,,,,,,,,
1,HH3,-272979.7651,-202280.491,,,,,,,,,
1,多行文字,-273779.467,-202886.8957,66,,,,,,,,
1,多行文字,-273409.467,-202766.8957,68,,,,,,,,
1,多行文字,-273409.467,-201696.8957,6,,,,,,,,
1,多行文字,-273409.467,-202166.8957,33,,,,,,,,
1,多行文字,-273779.467,-202586.8957,67,,,,,,,,
1,多行文字,-273779.467,-201696.8957,5,,,,,,,,
1,多行文字,-273779.467,-202166.8957,32,,,,,,,,
1,圓,,,,,,-273509.7651,-202880.491,,,,
1,圓,,,,,,-273509.7651,-202280.491,,,,
1,HH3,-273509.7651,-202880.491,,,,,,,,,
1,HH3,-273509.7651,-201810.491,,,,,,,,,
1,HH3,-273509.7651,-202280.491,,,,,,,,,
1,HH3,-273879.7651,-202700.491,,,,,,,,,
1,HH3,-273879.7651,-201810.491,,,,,,,,,
1,HH3,-273879.7651,-202280.491,,,,,,,,,
1,多行文字,-273779.467,-203696.8957,119,,,,,,,,
1,多行文字,-273779.467,-203316.8957,96,,,,,,,,
1,文字,-273234.1838,-203824.4237,L-Y5,,,,,,,,
1,聚合線,,,,,,,,,,,
1,文字,-273234.1838,-203444.4237,L-Y4,,,,,,,,
1,聚合線,,,,,,,,,,,
1,HH3,-273879.7651,-203000.491,,,,,,,,,
1,HH3,-273879.7651,-203810.491,,,,,,,,,
1,HH3,-273879.7651,-203430.491,,,,,,,,,
1,旋轉標註,,,,-273338.1635,-203620.491,,,,,,
1,旋轉標註,,,,-273338.2217,-203155.491,,,,,,
1,多行文字,-274299.467,-202886.8957,64,,,,,,,,
1,多行文字,-274299.467,-202586.8957,65,,,,,,,,
1,多行文字,-274299.467,-202166.8957,31,,,,,,,,
1,圓,,,,,,-274399.7651,-202700.491,,,,
1,圓,,,,,,-274399.7651,-202280.491,,,,
1,HH3,-274399.7651,-202700.491,,,,,,,,,
1,HH3,-274399.7651,-201630.491,,,,,,,,,
1,HH3,-274399.7651,-202280.491,,,,,,,,,
1,多行文字,-274819.467,-202886.8957,62,,,,,,,,
1,多行文字,-275089.467,-202886.8957,60,,,,,,,,
1,多行文字,-274819.467,-202586.8957,63,,,,,,,,
1,多行文字,-274819.467,-202166.8957,30,,,,,,,,
1,多行文字,-275089.467,-202586.8957,61,,,,,,,,
1,多行文字,-275089.467,-202166.8957,29,,,,,,,,
1,圓,,,,,,-274919.7651,-202700.491,,,,
1,圓,,,,,,-274919.7651,-202280.491,,,,
1,圓,,,,,,-275189.7651,-202700.491,,,,
1,圓,,,,,,-275189.7651,-202280.491,,,,
1,HH3,-274919.7651,-202700.491,,,,,,,,,
1,HH3,-274919.7651,-201630.491,,,,,,,,,
1,HH3,-274919.7651,-202280.491,,,,,,,,,
1,HH3,-275189.7651,-202700.491,,,,,,,,,
1,HH3,-275189.7651,-201630.491,,,,,,,,,
1,HH3,-275189.7651,-202280.491,,,,,,,,,
1,多行文字,-274299.467,-203696.8957,118,,,,,,,,
1,多行文字,-274299.467,-203316.8957,95,,,,,,,,
1,圓,,,,,,-274399.7651,-203810.491,,,,
1,圓,,,,,,-274399.7651,-203430.491,,,,
1,圓,,,,,,-274399.7651,-203000.491,,,,
1,HH3,-274399.7651,-203000.491,,,,,,,,,
1,HH3,-274399.7651,-203810.491,,,,,,,,,
1,HH3,-274399.7651,-203430.491,,,,,,,,,
1,多行文字,-274819.467,-203696.8957,117,,,,,,,,
1,多行文字,-274819.467,-203316.8957,94,,,,,,,,
1,多行文字,-275089.467,-203696.8957,116,,,,,,,,
1,多行文字,-275089.467,-203316.8957,93,,,,,,,,
1,圓,,,,,,-274919.7651,-203810.491,,,,
1,圓,,,,,,-274919.7651,-203430.491,,,,
1,圓,,,,,,-274919.7651,-203000.491,,,,
1,圓,,,,,,-275189.7651,-203810.491,,,,
1,圓,,,,,,-275189.7651,-203430.491,,,,
1,圓,,,,,,-275189.7651,-203000.491,,,,
1,HH3,-274919.7651,-203000.491,,,,,,,,,
1,HH3,-275189.7651,-203000.491,,,,,,,,,
1,HH3,-274919.7651,-203810.491,,,,,,,,,
1,HH3,-274919.7651,-203430.491,,,,,,,,,
1,HH3,-275189.7651,-203810.491,,,,,,,,,
1,HH3,-275189.7651,-203430.491,,,,,,,,,
1,圓,,,,,,-273879.7651,-203810.491,,,,
1,圓,,,,,,-273879.7651,-203430.491,,,,
1,圓,,,,,,-273879.7651,-203000.491,,,,
1,圓,,,,,,-273879.7651,-202700.491,,,,
1,圓,,,,,,-273879.7651,-202280.491,,,,
1,多行文字,-273779.467,-205246.8957,200,,,,,,,,
1,多行文字,-273779.467,-204896.8957,179,,,,,,,,
1,文字,-273234.1838,-205024.4237,L-Y7,,,,,,,,
1,遮蔽,-273244.8361,-205063.6788,,,,,,,,,
1,文字,-273234.1838,-205374.4237,L-Y8,,,,,,,,
1,聚合線,,,,,,,,,,,
1,文字,-273234.1838,-204424.4237,L-Y6,,,,,,,,
1,聚合線,,,,,,,,,,,
1,HH3,-273879.7651,-205360.491,,,,,,,,,
1,HH3,-273879.7651,-205010.491,,,,,,,,,
1,HH3,-273879.7651,-204410.491,,,,,,,,,
1,旋轉標註,,,,-273338.151,-204710.491,,,,,,
1,旋轉標註,,,,-273338.1635,-205185.491,,,,,,
1,旋轉標註,,,,-273338.151,-205610.491,,,,,,
1,多行文字,-274299.467,-205246.8957,199,,,,,,,,
1,多行文字,-274299.467,-204896.8957,178,,,,,,,,
1,HH3,-274399.7651,-205360.491,,,,,,,,,
1,HH3,-274399.7651,-205010.491,,,,,,,,,
1,HH3,-274399.7651,-204410.491,,,,,,,,,
1,多行文字,-274819.467,-205246.8957,198,,,,,,,,
1,多行文字,-274819.467,-204896.8957,177,,,,,,,,
1,多行文字,-275089.467,-205246.8957,197,,,,,,,,
1,多行文字,-275089.467,-204896.8957,176,,,,,,,,
1,圓,,,,,,-274919.7651,-205360.491,,,,
1,圓,,,,,,-274919.7651,-205010.491,,,,
1,圓,,,,,,-274919.7651,-204410.491,,,,
1,圓,,,,,,-275189.7651,-205360.491,,,,
1,圓,,,,,,-275189.7651,-205010.491,,,,
1,圓,,,,,,-275189.7651,-204410.491,,,,
1,HH3,-274919.7651,-205360.491,,,,,,,,,
1,HH3,-274919.7651,-205010.491,,,,,,,,,
1,HH3,-274919.7651,-204410.491,,,,,,,,,
1,HH3,-275189.7651,-205360.491,,,,,,,,,
1,HH3,-275189.7651,-205010.491,,,,,,,,,
1,HH3,-275189.7651,-204410.491,,,,,,,,,
1,多行文字,-273779.467,-204296.8957,142,,,,,,,,
1,多行文字,-274299.467,-204296.8957,141,,,,,,,,
1,多行文字,-274819.467,-204296.8957,140,,,,,,,,
1,多行文字,-275089.467,-204296.8957,139,,,,,,,,
1,旋轉標註,,,,-273338.151,-204110.491,,,,,,
1,多行文字,-275689.467,-202016.8957,28,,,,,,,,
1,多行文字,-275689.467,-203696.8957,115,,,,,,,,
1,多行文字,-275689.467,-203316.8957,92,,,,,,,,
1,多行文字,-275689.467,-202766.8957,58,,,,,,,,
1,多行文字,-275689.467,-202446.8957,59,,,,,,,,
1,圓,,,,,,-275789.7651,-203810.491,,,,
1,圓,,,,,,-275789.7651,-203430.491,,,,
1,圓,,,,,,-275789.7651,-202880.491,,,,
1,圓,,,,,,-275789.7651,-202560.491,,,,
1,圓,,,,,,-275789.7651,-202130.491,,,,
1,HH3,-275789.7651,-202130.491,,,,,,,,,
1,HH3,-275789.7651,-203810.491,,,,,,,,,
1,HH3,-275789.7651,-203430.491,,,,,,,,,
1,HH3,-275789.7651,-202880.491,,,,,,,,,
1,HH3,-275789.7651,-201630.491,,,,,,,,,
1,HH3,-275789.7651,-202560.491,,,,,,,,,
1,文字,-276670.3454,-203824.4237,L-Y5,,,,,,,,
1,聚合線,,,,,,,,,,,
1,文字,-276670.3454,-203444.4237,L-Y4,,,,,,,,
1,聚合線,,,,,,,,,,,
1,文字,-276661.8592,-202903.4237,Y3,,,,,,,,
1,聚合線,,,,,,,,,,,
1,文字,-276661.8592,-202303.4237,Y2,,,,,,,,
1,聚合線,,,,,,,,,,,
1,旋轉標註,,,,-276608.1468,-201955.491,,,,,,
1,旋轉標註,,,,-276608.1468,-202580.491,,,,,,
1,旋轉標註,,,,-276608.1468,-203155.491,,,,,,
1,旋轉標註,,,,-276608.1593,-203620.491,,,,,,
1,多行文字,-275689.467,-205246.8957,196,,,,,,,,
1,多行文字,-275689.467,-204896.8957,175,,,,,,,,
1,文字,-276670.3454,-205024.4237,L-Y7,,,,,,,,
1,遮蔽,-276680.9976,-205063.6788,,,,,,,,,
1,文字,-276670.3454,-205374.4237,L-Y8,,,,,,,,
1,聚合線,,,,,,,,,,,
1,文字,-276670.3454,-204424.4237,L-Y6,,,,,,,,
1,聚合線,,,,,,,,,,,
1,旋轉標註,,,,-276608.1468,-204710.491,,,,,,
1,旋轉標註,,,,-276608.1593,-205185.491,,,,,,
1,旋轉標註,,,,-276608.1468,-205610.491,,,,,,
1,圓,,,,,,-275789.7651,-205360.491,,,,
1,圓,,,,,,-275789.7651,-205010.491,,,,
1,圓,,,,,,-275789.7651,-204410.491,,,,
1,HH3,-275789.7651,-205360.491,,,,,,,,,
1,HH3,-275789.7651,-205010.491,,,,,,,,,
1,HH3,-275789.7651,-204410.491,,,,,,,,,
1,多行文字,-275689.467,-204296.8957,138,,,,,,,,
1,旋轉標註,,,,-276608.1468,-204110.491,,,,,,
1,線,,,,,,,,-273304.9776,-205860.491,-276486.5629,-205860.491
1,線,,,,,,,,-273304.9776,-205360.491,-276486.5629,-205360.491
1,線,,,,,,,,-273304.9776,-205010.491,-276486.5629,-205010.491
1,線,,,,,,,,-273304.9776,-204410.491,-276486.5629,-204410.491
1,線,,,,,,,,-273304.9776,-203810.491,-276486.5629,-203810.491
1,線,,,,,,,,-273304.9776,-203430.491,-276486.5629,-203430.491
1,文字,-276661.8592,-201653.4237,Y1,,,,,,,,
1,聚合線,,,,,,,,,,,
1,旋轉標註,,,,-276876.2625,-203622.991,,,,,,
1,旋轉標註,,,,-276608.1452,-201507.991,,,,,,
1,線,,,,,,,,-272679.7651,-201246.6419,-272679.7651,-203430.491
1,線,,,,,,,,-272979.7651,-201246.6419,-272979.7651,-203430.491
1,線,,,,,,,,-273509.7651,-201246.6419,-273509.7651,-206053.0675
1,線,,,,,,,,-273879.7651,-201246.6419,-273879.7651,-206053.0675
1,線,,,,,,,,-274399.7651,-201246.6419,-274399.7651,-206053.0675
1,線,,,,,,,,-274919.7651,-201246.6419,-274919.7651,-206053.0675
1,線,,,,,,,,-275189.7651,-201246.6419,-275189.7651,-206053.0675
1,線,,,,,,,,-275789.7651,-201246.6419,-275789.7651,-206053.0675
1,線,,,,,,,,-276369.7651,-201246.6419,-276369.7651,-206053.0675
1,多行文字,-272579.467,-202766.8957,70,,,,,,,,
1,多行文字,-272579.467,-202166.8957,35,,,,,,,,
1,旋轉標註,,,,-269324.7651,-200988.1445,,,,,,
1,旋轉標註,,,,-272379.7651,-201165.6844,,,,,,
1,線,,,,,,,,-276486.5629,-202880.491,-262073.6238,-202880.491
1,線,,,,,,,,-276486.5629,-202280.491,-262073.6238,-202280.491
1,線,,,,,,,,-276486.5629,-201630.491,-262073.6238,-201630.491
1,線,,,,,,,,-276486.5629,-201385.491,-262073.6238,-201385.491